<?xml version="1.0" encoding="utf-8"?>
<manifest xmlns:android="http://schemas.android.com/apk/res/android"
<<<<<<< HEAD
    package="com.eric.loginregister">
=======
    package="com.example.andre.ss1a_fitnessapp">
>>>>>>> b5d8a20bf92832b118ef89f1405f17ff719fce33

    <application
        android:allowBackup="true"
        android:icon="@mipmap/ic_launcher"
        android:label="@string/app_name"
        android:roundIcon="@mipmap/ic_launcher_round"
        android:supportsRtl="true"
        android:theme="@style/AppTheme">
<<<<<<< HEAD
        <activity android:name=".MainActivity">
=======
        <activity android:name=".Login">
>>>>>>> b5d8a20bf92832b118ef89f1405f17ff719fce33
            <intent-filter>
                <action android:name="android.intent.action.MAIN" />

                <category android:name="android.intent.category.LAUNCHER" />
            </intent-filter>
        </activity>
<<<<<<< HEAD
=======
        <activity android:name=".Register">
            <intent-filter>
                <action android:name="android.intent.action.MAIN" />

                <category android:name="android.intent.category.LAUNCHER" />
            </intent-filter>
        </activity>
        <activity
            android:name=".Homepage"
            android:label="@string/title_activity_homepage" />
        <activity
            android:name=".SideTab"
            android:label="@string/title_activity_side_tab"
<<<<<<< HEAD
            android:theme="@style/AppTheme.NoActionBar"></activity>
>>>>>>> b5d8a20bf92832b118ef89f1405f17ff719fce33
=======
            android:theme="@style/AppTheme.NoActionBar" />
<<<<<<< HEAD
        <activity android:name=".CalorieCalc"></activity>
>>>>>>> f1e43a41566d3303b7b957682604dbc9b6b66d4e
=======
        <activity
            android:name=".CalorieCalc"
            android:exported="true" />
        <activity android:name=".Profile"></activity>
>>>>>>> 07412061903bd643fa5ff1fc83df9f557c02968a
    </application>

</manifest>