{
  "project_info": {
    "project_number": "7973001628",
    "firebase_url": "https://upfitnessapp-16bc8.firebaseio.com",
    "project_id": "upfitnessapp-16bc8",
    "storage_bucket": "upfitnessapp-16bc8.appspot.com"
  },
  "client": [
    {
      "client_info": {
        "mobilesdk_app_id": "1:7973001628:android:ab71cb549e902c62",
        "android_client_info": {
          "package_name": "com.example.andre.ss1a_fitnessapp"
        }
      },
      "oauth_client": [
        {
          "client_id": "7973001628-lok9qb6otl3mq18rsf3vckkt06tq1sf9.apps.googleusercontent.com",
          "client_type": 1,
          "android_info": {
            "package_name": "com.example.andre.ss1a_fitnessapp",
            "certificate_hash": "57743de2c44cf2e0fcdcfa542046d2639b53d64f"
          }
        },
        {
          "client_id": "7973001628-mephgtl6eipqtk375ro9c86em4cf2jud.apps.googleusercontent.com",
          "client_type": 3
        }
      ],
      "api_key": [
        {
          "current_key": "AIzaSyD3bqu4qu_Sf5ozlPFZs39Q6LoYzTcOSzE"
        }
      ],
      "services": {
        "analytics_service": {
          "status": 1
        },
        "appinvite_service": {
          "status": 2,
          "other_platform_oauth_client": [
            {
              "client_id": "7973001628-mephgtl6eipqtk375ro9c86em4cf2jud.apps.googleusercontent.com",
              "client_type": 3
            }
          ]
        },
        "ads_service": {
          "status": 2
        }
      }
    }
  ],
  "configuration_version": "1"
}